{
    "test_accuracy": 0.6383333333333333,
    "best_val_accuracy": 0.6333333333333333
}